kphio,soilm_par_a,soilm_par_b
0.09423772841691971,0.33349283039569855,1.45602285861969
